City_ID,City,Lat,Lng,Max Temp,Humidity,Cloudiness,Wind Speed,Country,Date
0,bethel,41.3712,-73.414,35.56,63,100,5.01,US,1733630367
1,vilyuchinsk,52.9306,158.4028,34.07,80,100,17.0,RU,1733630368
2,vadso,70.0744,29.7487,33.96,80,75,18.41,NO,1733630369
3,hawaiian paradise park,19.5933,-154.9731,73.9,91,2,6.46,US,1733630370
4,avarua,-21.2078,-159.775,80.65,89,40,12.66,CK,1733630371
5,invercargill,-46.4,168.35,70.16,58,29,12.73,NZ,1733630372
6,ust-nera,64.5667,143.2,-14.19,97,100,4.38,RU,1733630373
7,thompson,55.7435,-97.8558,5.16,85,100,6.91,CA,1733630163
8,pandharpur,17.6667,75.3333,80.19,62,100,4.7,IN,1733630142
9,west island,-12.1568,96.8225,84.18,70,40,17.27,CC,1733630376
10,mukalla,14.5425,49.1242,78.42,37,94,8.1,YE,1733630377
11,dudinka,69.4058,86.1778,-12.42,100,100,7.67,RU,1733630378
12,preussisch oldendorf,52.3,8.5,41.11,86,36,1.01,DE,1733630380
13,port-aux-francais,-49.35,70.2167,42.57,98,100,22.75,TF,1733630381
14,saint-philippe,-21.3585,55.7679,77.59,83,4,7.81,RE,1733630382
15,adamstown,-25.066,-130.1015,73.42,72,91,19.95,PN,1733630116
16,weno,7.4515,151.8468,83.21,81,85,20.09,FM,1733630384
17,yuzhno-kurilsk,44.0306,145.8556,29.48,68,98,20.76,RU,1733630385
18,balabac,7.9868,117.0645,84.81,70,96,6.11,PH,1733630386
19,labrador city,52.9463,-66.9114,1.31,78,40,8.05,CA,1733630387
20,saint-joseph,-21.3667,55.6167,80.98,79,3,8.05,RE,1733630388
21,ornskoldsvik,63.2909,18.7153,29.35,93,100,2.3,SE,1733630389
22,arkalyk,50.2486,66.9114,-3.44,100,75,2.95,KZ,1733630390
23,oban,56.4127,-5.4706,40.93,78,11,12.59,GB,1733630391
24,port elizabeth,-33.918,25.5701,69.31,94,40,5.75,ZA,1733630392
25,dryden,49.7833,-92.7503,30.49,86,100,8.05,CA,1733630393
26,newman,37.3138,-121.0208,55.67,66,100,4.79,US,1733630395
27,northam,51.0333,-4.2167,47.07,75,66,36.95,GB,1733630396
28,phang nga,8.4509,98.5298,86.99,62,74,6.64,TH,1733630397
29,rikaze,29.25,88.8833,36.25,30,1,1.77,CN,1733630398
30,blackmans bay,-43.0167,147.3167,63.73,54,22,5.01,AU,1733630119
31,colonia,50.9333,6.95,43.45,90,100,11.5,DE,1733630400
32,kendari,-3.945,122.4989,89.37,60,100,0.74,ID,1733630147
33,glace bay,46.1969,-59.957,23.14,77,66,8.01,CA,1733630402
34,wanning,18.8003,110.3967,71.26,69,88,15.82,CN,1733630403
35,ketchikan,55.3422,-131.6461,42.35,96,100,4.29,US,1733630404
36,puerto ayora,-0.7393,-90.3518,72.55,95,58,4.0,EC,1733630198
37,sinop,41.7711,34.8709,42.44,74,100,11.88,TR,1733630407
38,ingeniero guillermo n. juarez,-23.9,-61.85,69.12,90,100,14.34,AR,1733630408
39,grand forks,47.9417,-97.4337,35.53,80,0,8.05,US,1733630409
40,alofi,-19.0595,-169.9187,84.09,79,71,10.36,NU,1733630410
41,olonkinbyen,70.9221,-8.7187,21.6,57,36,14.83,SJ,1733630411
42,bismarck,46.8083,-100.7837,40.06,75,0,4.61,US,1733630412
43,sitka,57.0531,-135.33,39.09,87,75,0.0,US,1733630190
44,nabire,-3.3667,135.4833,83.28,81,100,2.46,ID,1733630414
45,jamestown,42.097,-79.2353,35.02,61,100,18.41,US,1733630416
46,grytviken,-54.2811,-36.5092,27.88,69,58,6.89,GS,1733630417
47,flying fish cove,-10.4217,105.6791,82.08,89,100,10.36,CX,1733630418
48,longyearbyen,78.2186,15.6401,26.44,86,100,11.5,SJ,1733630419
49,matthew town,20.95,-73.6667,76.53,72,82,17.63,BS,1733630420
50,kanniyakumari,8.0833,77.5667,82.08,67,100,11.14,IN,1733630421
51,dihok,36.8695,42.994,51.57,32,100,4.34,IQ,1733630422
52,punxsutawney,40.9437,-78.9709,34.41,56,100,7.0,US,1733630423
53,lihue,21.9789,-159.3672,72.73,86,41,2.68,US,1733630424
54,corning,42.1428,-77.0547,33.69,63,100,3.0,US,1733630427
55,bredasdorp,-34.5322,20.0403,60.22,78,0,2.59,ZA,1733630428
56,kaa-khem,51.6833,94.7333,13.64,93,100,0.6,RU,1733630429
57,iqaluit,63.7506,-68.5145,4.73,71,75,16.11,CA,1733630179
58,stanley,54.868,-1.6985,41.02,86,100,26.46,GB,1733630431
59,mount pearl,47.5166,-52.7813,28.33,89,100,16.11,CA,1733630432
60,ilulissat,69.2167,-51.1,30.22,51,75,18.41,GL,1733630433
61,college,64.8569,-147.8028,3.07,86,0,0.0,US,1733630434
62,punta arenas,-53.15,-70.9167,44.71,76,75,25.32,CL,1733630435
63,beloyarskiy,63.7119,66.6722,-0.36,99,60,3.24,RU,1733630436
64,port-vila,-17.7338,168.3219,85.6,70,75,16.11,VU,1733630437
65,waitangi,-43.9535,-176.5597,60.82,81,80,11.01,NZ,1733630438
66,constantia,44.1833,28.65,43.48,89,100,12.08,RO,1733630221
67,montenegro,42.5,19.3,31.75,81,0,2.3,ME,1733630441
68,puerto natales,-51.7236,-72.4875,45.05,65,40,14.97,CL,1733630442
69,wailua homesteads,22.0669,-159.378,72.12,87,42,2.82,US,1733630443
70,margaret river,-33.95,115.0667,75.61,46,0,15.17,AU,1733630444
71,edinburgh of the seven seas,-37.0676,-12.3116,62.96,94,100,43.33,SH,1733630445
72,kununurra,-15.7667,128.7333,94.98,59,95,12.66,AU,1733630432
73,al bardiyah,31.7561,25.0865,54.32,67,0,15.97,LY,1733630447
74,phalodi,27.1333,72.3667,64.24,10,0,9.73,IN,1733630448
75,luderitz,-26.6481,15.1594,65.61,63,0,18.63,NA,1733630449
76,isafjordur,66.0755,-23.124,31.03,85,100,23.22,IS,1733630450
77,georgetown,5.4112,100.3354,87.73,47,20,5.99,MY,1733630451
78,lesozavodsk,45.4794,133.4244,11.77,86,48,7.74,RU,1733630452
79,port mathurin,-19.6833,63.4167,76.89,86,56,19.98,MU,1733630453
80,yigo village,13.5361,144.8886,86.29,73,75,16.11,GU,1733630454
81,gadzhiyevo,69.2551,33.3362,33.53,87,96,21.34,RU,1733630457
82,qaryat suluq,31.6682,20.2521,61.72,75,40,12.44,LY,1733630458
83,dublyany,49.9041,24.0864,33.19,99,100,3.02,UA,1733630459
84,obong,9.741,123.5098,80.37,80,100,10.96,PH,1733630460
85,atasu,48.6814,71.6433,5.68,95,77,6.98,KZ,1733630461
86,tiksi,71.6872,128.8694,-14.39,98,100,6.76,RU,1733630462
87,al lagowa,11.4,29.1333,75.43,36,31,10.67,SD,1733630463
88,san jose de guanipa,8.8872,-64.1651,75.33,76,81,12.17,VE,1733630464
89,capitan bado,-23.2667,-55.5333,72.5,87,94,4.63,PY,1733630465
90,bilibino,68.0546,166.4372,-16.44,83,9,4.29,RU,1733630278
91,sao vicente,-23.9631,-46.3919,71.98,26,100,1.88,BR,1733630467
92,hamilton,39.1834,-84.5333,42.85,51,98,5.99,US,1733630365
93,mount isa,-20.7333,139.5,98.37,36,75,6.91,AU,1733630470
94,antsiranana,-12.2787,49.2917,75.96,73,20,6.91,MG,1733630471
95,maneromango,-7.1988,38.7848,72.05,94,26,2.42,TZ,1733630472
96,atherton,53.5237,-2.4935,44.29,71,100,11.99,GB,1733630473
97,vorgashor,67.5833,63.95,2.14,97,100,10.67,RU,1733630474
98,uturoa,-16.7333,-151.4333,81.01,77,84,17.2,PF,1733630475
99,namibe,-15.1961,12.1522,70.02,83,97,9.46,AO,1733630476
100,marka,1.7159,44.7717,79.32,79,24,13.49,SO,1733630477
101,mata-utu,-13.2816,-176.1745,83.59,75,90,9.06,WF,1733630478
102,truro,50.2653,-5.0544,49.28,71,75,29.93,GB,1733630479
103,klyuchi,52.2667,79.1667,9.54,90,100,8.3,RU,1733630481
104,phetchaburi,12.9667,99.5833,85.24,54,20,6.98,TH,1733630482
105,zwedru,6.0667,-8.1281,71.78,94,87,0.74,LR,1733630483
106,udachny,66.4167,112.4,-12.01,99,99,6.8,RU,1733630484
107,cidade velha,14.9167,-23.6167,75.67,69,40,11.5,CV,1733630485
108,ago-are,8.5,3.4167,71.55,29,54,7.09,NG,1733630486
109,montepuez,-13.1256,38.9997,73.08,87,83,4.52,MZ,1733630488
110,akureyri,65.6835,-18.0878,31.93,59,100,13.8,IS,1733630393
111,kruisfontein,-34.0033,24.7314,63.36,87,5,4.83,ZA,1733630492
112,mckinleyville,40.9465,-124.1006,51.17,99,0,0.0,US,1733630494
113,yelizovo,53.1873,158.3805,33.94,69,75,6.71,RU,1733630495
114,klaipeda,55.7172,21.1175,33.85,86,100,14.97,LT,1733630496
115,franklin,39.9667,-83.0166,40.77,53,0,18.41,US,1733630498
116,misratah,32.3754,15.0925,59.2,60,17,14.94,LY,1733630499
117,badger,64.8,-147.5333,3.45,87,0,0.0,US,1733630500
118,saiha,22.4833,92.9667,78.03,30,96,0.94,IN,1733630501
119,port alfred,-33.5906,26.891,65.17,96,4,5.35,ZA,1733630502
120,ararangua,-28.9347,-49.4858,65.3,86,100,3.69,BR,1733630503
121,okha,53.5739,142.9478,23.13,86,88,20.0,RU,1733630504
122,waingapu,-9.6567,120.2641,89.56,61,95,14.47,ID,1733630507
123,ta`u,-14.2336,-169.5144,82.22,78,100,12.06,AS,1733630508
124,tres arroyos,-38.3739,-60.2798,43.86,81,0,3.71,AR,1733630509
125,onega,63.9061,38.1404,17.37,97,90,4.36,RU,1733630510
126,broken hill,-31.95,141.4333,81.88,16,67,14.07,AU,1733630511
127,papatowai,-46.5619,169.4708,75.09,46,26,11.68,NZ,1733630512
128,crane,31.3974,-102.3501,44.53,89,0,7.9,US,1733630302
129,saudarkrokur,65.7461,-19.6394,32.09,59,95,25.95,IS,1733630514
130,prieska,-29.6641,22.7474,69.84,34,18,2.15,ZA,1733630515
131,barra dos coqueiros,-10.9089,-37.0386,78.82,78,20,8.05,BR,1733630517
132,tangalle,6.024,80.7911,83.28,68,98,1.12,LK,1733630518
133,bamboo flat,11.7,92.7167,77.09,94,75,2.3,IN,1733630519
134,kharp,66.8014,65.8081,2.91,93,30,8.25,RU,1733630521
135,vorkuta,67.5,64.0,2.39,97,100,10.33,RU,1733630522
136,nyazepetrovsk,56.0531,59.6028,6.98,91,100,5.01,RU,1733630523
137,bulgan,48.8125,103.5347,19.18,62,47,1.48,MN,1733630524
138,bealanana,-14.55,48.7333,66.6,83,97,2.08,MG,1733630525
139,aykhal,66.0,111.5,-7.65,97,98,9.89,RU,1733630526
140,selfoss,63.9331,-20.9971,29.32,93,100,9.26,IS,1733630361
141,hjo,58.3013,14.2878,37.38,94,100,12.95,SE,1733630528
142,gowurdak,37.8124,66.0466,32.83,57,0,4.63,TM,1733630529
143,man,7.4125,-7.5538,65.59,42,39,1.83,CI,1733630530
144,astrakhan,46.3497,48.0408,30.07,86,100,17.9,RU,1733630531
145,st. john's,47.5649,-52.7093,29.16,88,100,16.11,CA,1733630410
146,qarqaraly,49.4058,75.4742,4.95,97,98,2.93,KZ,1733630533
147,rio grande,-32.035,-52.0986,59.13,69,40,12.55,BR,1733630534
148,toliara,-23.35,43.6667,81.16,56,18,11.3,MG,1733630537
149,dolisie,-4.1997,12.6739,71.85,96,100,0.38,CG,1733630538
150,holualoa,19.6228,-155.9522,73.83,76,13,2.93,US,1733630539
151,mungwi,-10.1732,31.3694,62.08,97,86,1.7,ZM,1733630540
152,banda aceh,5.5577,95.3222,83.88,74,51,4.97,ID,1733630541
153,yarmouth,41.7057,-70.2286,31.6,74,100,0.0,US,1733630542
154,al kharijah,25.4514,30.5464,60.17,39,100,6.49,EG,1733630543
155,yellowknife,62.456,-114.3525,10.92,92,100,9.22,CA,1733630311
156,ghazni,33.5536,68.4269,29.66,33,5,10.74,AF,1733630546
157,howard springs,-12.497,131.047,88.83,62,100,7.99,AU,1733630547
158,ribeira grande,38.5167,-28.7,66.78,88,40,13.0,PT,1733630548
159,zhangjiakou,40.81,114.8794,24.35,24,0,4.23,CN,1733630549
160,atafu village,-8.5421,-172.5159,82.83,78,59,12.48,TK,1733630550
161,tashir,41.1207,44.2846,26.28,90,58,0.49,AM,1733630551
162,fort st. john,56.2499,-120.8529,30.09,93,100,6.91,CA,1733630553
163,ringkobing,56.0901,8.244,40.98,93,100,10.36,DK,1733630555
164,afif,23.9065,42.9172,59.77,33,8,10.2,SA,1733630556
165,saurimo,-9.6608,20.3916,62.96,98,100,2.01,AO,1733630557
166,aasiaat,68.7098,-52.8699,26.78,73,100,14.36,GL,1733630559
167,carnarvon,-24.8667,113.6333,77.74,68,12,18.9,AU,1733630560
168,ushuaia,-54.8,-68.3,44.26,81,20,6.91,AR,1733630561
169,pisco,-13.7,-76.2167,66.25,82,0,10.36,PE,1733630562
170,baruun-urt,46.6806,113.2792,13.84,80,9,14.12,MN,1733630563
171,san antonio de pale,-1.4014,5.6325,79.99,82,5,12.8,GQ,1733630521
172,egilsstadir,65.2653,-14.3948,21.11,73,0,3.44,IS,1733630565
173,hanzhong,33.0728,107.0303,48.09,34,90,6.78,CN,1733630567
174,albany,42.6001,-73.9662,30.58,74,100,1.99,US,1733630354
175,sao joao da barra,-21.6403,-41.0511,76.39,83,78,7.81,BR,1733630569
176,lerwick,60.1545,-1.1494,44.62,72,100,27.72,GB,1733630570
177,leninskoye,41.7589,69.3864,20.16,83,100,7.43,KZ,1733630571
178,praya,14.9215,-23.5087,75.74,69,40,16.11,CV,1733630572
179,lorengau,-2.0226,147.2712,79.59,88,100,13.02,PG,1733630573
180,alaghsas,17.0187,8.0168,56.41,21,0,9.37,NE,1733630574
181,kodiak,57.79,-152.4072,33.31,100,100,0.0,US,1733630575
182,utrik,11.2278,169.8474,81.66,78,82,23.17,MH,1733630576
183,freetown,8.484,-13.2299,74.48,62,100,4.36,SL,1733630577
184,onguday,50.75,86.15,22.73,75,100,2.3,RU,1733630578
185,port hedland,-20.3167,118.5667,91.45,52,100,12.66,AU,1733630579
186,kitimat,54.0524,-128.6534,36.68,31,100,1.3,CA,1733630405
187,puerto armuelles,8.2833,-82.8667,79.09,71,34,1.01,PA,1733630583
188,athens,37.9795,23.7162,57.18,88,5,3.0,GR,1733630552
189,thunder bay,48.4001,-89.3168,35.58,93,100,5.75,CA,1733630585
190,pantai remis,4.4557,100.6288,87.82,70,80,3.27,MY,1733630586
191,lodja,-3.4833,23.4333,65.44,93,40,1.52,CD,1733630587
192,la ronge,55.1001,-105.2842,32.25,100,100,3.44,CA,1733630588
193,inda silase,14.1031,38.2829,56.91,57,30,12.28,ET,1733630589
194,kenai,60.5544,-151.2583,35.15,92,99,5.86,US,1733630591
195,polyarnyy,69.1989,33.4478,33.48,86,98,20.47,RU,1733630592
196,malanje,-9.5402,16.341,63.97,99,100,2.93,AO,1733630594
197,petropavlovsk-kamchatsky,53.0452,158.6483,32.59,69,75,6.71,RU,1733630595
198,maues,-3.3836,-57.7186,75.4,91,70,2.19,BR,1733630596
199,keflavik,64.0049,-22.5624,39.63,87,75,28.77,IS,1733630597
200,kourou,5.1552,-52.6478,74.21,92,5,4.38,GF,1733630598
201,twon-brass,4.3151,6.2418,81.25,79,16,6.38,NG,1733630599
202,maych'ew,12.7875,39.5422,47.17,83,17,5.77,ET,1733630600
203,ishigaki,24.3448,124.1572,66.33,82,75,18.41,JP,1733630316
204,okhotsk,59.3833,143.3,4.71,82,28,17.34,RU,1733630602
205,copala,16.65,-98.9833,76.01,77,79,3.38,MX,1733630603
206,nadym,65.5333,72.5167,-1.17,92,21,9.66,RU,1733630604
207,slonim,53.0867,25.3219,35.55,98,100,7.65,BY,1733630605
208,island harbour,50.724,-1.2758,46.04,64,100,15.99,GB,1733630606
209,baikonur,45.6167,63.3167,22.48,55,0,6.71,KZ,1733630607
210,mil'kovo,55.6078,37.7956,28.63,61,100,10.25,RU,1733630608
211,hilo,19.7297,-155.09,74.12,94,24,1.01,US,1733630610
212,kone,-21.0595,164.8658,85.69,57,80,4.85,NC,1733630611
213,nola,40.922,14.5329,55.02,92,82,1.28,IT,1733630612
214,hithadhoo,-0.6,73.0833,81.54,73,11,11.54,MV,1733630613
215,sarupathar,26.1984,93.8094,69.84,62,0,4.0,IN,1733630614
216,kegen,43.0197,79.2203,9.61,89,100,1.3,KZ,1733630615
217,soto la marina,23.7667,-98.2167,68.14,86,100,2.95,MX,1733630616
218,escanaba,45.7453,-87.0646,36.0,87,100,6.78,US,1733630617
219,zhuanghe,39.7008,122.9911,34.05,26,0,8.23,CN,1733630618
220,guarapari,-20.6667,-40.4975,74.25,82,38,8.88,BR,1733630619
221,homer,59.6425,-151.5483,39.78,85,93,3.13,US,1733630620
222,paraty,-23.2178,-44.7131,75.94,99,99,2.04,BR,1733630621
223,talnakh,69.4865,88.3972,-8.95,99,100,6.08,RU,1733630423
224,silvia,2.611,-76.3785,51.58,98,97,2.17,CO,1733630623
225,christchurch,-43.5333,172.6333,80.8,36,98,20.71,NZ,1733630625
226,demopolis,32.5176,-87.8364,45.93,49,100,4.72,US,1733630626
227,jutai,-5.1833,-68.9,73.92,97,94,0.65,BR,1733630627
228,fortuna,40.5982,-124.1573,54.36,98,100,8.05,US,1733630628
229,parnaiba,-2.9047,-41.7767,77.81,81,95,7.16,BR,1733630466
230,lensk,60.7253,114.9278,8.64,91,97,6.53,RU,1733630630
231,miyaly,48.8844,53.7836,20.14,51,78,8.19,KZ,1733630631
232,port lincoln,-34.7333,135.8667,66.78,56,77,10.33,AU,1733630632
233,arteche,12.2645,125.4048,81.72,91,95,9.28,PH,1733630633
234,iskateley,67.6803,53.1512,13.23,93,91,14.5,RU,1733630634
235,codrington,-38.2667,141.9667,62.64,55,54,18.57,AU,1733630635
236,whitehorse,60.7161,-135.0538,3.97,91,0,5.75,CA,1733630513
237,karungdong,5.8844,121.263,78.04,91,100,6.49,PH,1733630637
238,illizi,26.4833,8.4667,48.56,39,0,3.85,DZ,1733630638
239,bubaque,11.2833,-15.8333,80.02,54,92,7.65,GW,1733630567
240,new norfolk,-42.7826,147.0587,65.91,47,9,13.49,AU,1733630641
241,harar,9.3094,42.1258,53.74,28,31,6.85,ET,1733630642
242,asau,46.4333,26.4,39.34,99,100,2.17,RO,1733630643
243,usinsk,65.9939,57.5281,7.02,95,100,16.89,RU,1733630644
244,spring creek,40.7266,-115.5859,28.09,34,100,7.9,US,1733630645
245,ardestan,33.3761,52.3694,40.68,39,19,2.3,IR,1733630646
246,axum,14.1245,38.7244,52.2,63,22,12.57,ET,1733630647
247,iwaki,37.05,140.8833,47.88,44,42,10.92,JP,1733630648
248,lamu,-2.2717,40.902,79.27,84,15,9.6,KE,1733630649
249,cacheu,12.2706,-16.1658,68.0,31,99,5.84,GW,1733630650
250,boda,4.3189,17.4695,71.8,38,51,4.36,CF,1733630651
251,nemuro,43.3236,145.575,31.77,47,20,23.02,JP,1733630652
252,kiruna,67.8557,20.2251,27.52,86,100,16.11,SE,1733630492
253,sur,22.5667,59.5289,76.48,44,82,21.32,OM,1733630654
254,abuyog,10.6667,125.05,79.23,94,100,4.41,PH,1733630656
255,san jose del guaviare,2.5729,-72.6459,74.75,76,90,3.47,CO,1733630657
256,tura,25.5198,90.2201,72.18,57,5,2.55,IN,1733630407
257,ust'-barguzin,53.45,108.9833,22.05,91,100,3.11,RU,1733630659
258,shentala,54.45,51.4833,17.4,68,99,7.36,RU,1733630660
259,xichang,27.8964,102.2634,47.3,82,96,3.98,CN,1733630661
260,haiku-pauwela,20.9219,-156.3051,77.02,79,75,11.99,US,1733630663
261,arkhangel'sk,64.5401,40.5433,23.11,93,100,6.71,RU,1733630664
262,tshabong,-26.05,22.45,73.58,21,58,9.89,BW,1733630665
263,san patricio,28.017,-97.5169,49.95,83,100,5.03,US,1733630667
264,mogadishu,2.0371,45.3438,79.21,81,15,14.38,SO,1733630668
265,huilong,31.8111,121.655,48.18,45,35,13.11,CN,1733630669
266,basoko,1.2391,23.616,68.32,91,43,1.07,CD,1733630670
267,la passe,45.5549,-0.8967,48.06,66,61,30.2,FR,1733630671
268,mustafabad,30.8922,73.4989,59.58,23,0,9.22,PK,1733630672
269,afaahiti,-17.75,-149.2833,78.15,81,98,21.52,PF,1733630674
270,brandon,27.9378,-82.2859,53.15,82,8,6.87,US,1733630675
271,tual,-5.6667,132.75,81.39,81,100,14.18,ID,1733630676
272,aksu,41.1231,80.2644,28.51,63,100,0.92,CN,1733630677
273,sovetskaya,44.7769,41.1722,35.87,83,100,19.15,RU,1733630678
274,chonchi,-42.6128,-73.8092,49.12,95,99,4.18,CL,1733630448
275,saipan,15.1355,145.701,88.5,72,0,13.8,MP,1733630682
276,antofagasta,-23.65,-70.4,60.08,87,57,5.01,CL,1733630416
277,tazacorte,28.629,-17.9293,68.97,73,100,8.05,ES,1733630684
278,bodo,67.28,14.405,41.04,71,75,11.5,NO,1733630685
279,mirny,62.5353,113.9611,-5.4,96,25,6.58,RU,1733630686
280,palikir - national government center,6.9248,158.1611,85.05,89,75,6.91,FM,1733630687
281,east london,-33.0153,27.9116,65.34,94,0,2.3,ZA,1733630419
282,taltal,-25.4,-70.4833,62.85,77,0,1.21,CL,1733630690
283,dinan bashnoian wala,29.7659,73.2657,60.94,24,0,6.08,PK,1733630691
284,suwayr,30.1171,40.3893,56.71,69,100,10.87,SA,1733630692
285,guaratuba,-25.8828,-48.5747,68.67,97,100,5.06,BR,1733630693
286,kiunga,-6.1219,141.2906,86.86,77,62,2.08,PG,1733630694
287,acopiara,-6.0953,-39.4525,75.97,72,99,5.48,BR,1733630696
288,gumushkhane,40.4603,39.4814,27.01,84,17,8.34,TR,1733630697
289,antalaha,-14.9003,50.2788,77.58,71,100,5.08,MG,1733630698
290,shache,38.4167,77.2406,29.77,60,99,2.53,CN,1733630699
291,oriximina,-1.7656,-55.8661,73.8,96,60,3.36,BR,1733630700
292,tangi,34.3006,71.6536,57.06,20,100,8.68,PK,1733630701
293,lospalos,-8.5186,127.0025,82.49,65,99,4.25,TL,1733630702
294,lazaro cardenas,17.9583,-102.2,76.23,83,81,3.42,MX,1733630703
295,puerto deseado,-47.7503,-65.8938,49.1,70,86,17.78,AR,1733630704
296,malvan,16.0667,73.4667,82.58,56,57,12.28,IN,1733630705
297,solleftea,63.1667,17.2667,24.66,94,100,2.39,SE,1733630706
298,itoman,26.1247,127.6694,66.58,68,75,29.93,JP,1733630707
299,al khums,32.6486,14.2619,60.55,53,43,24.05,LY,1733630709
300,my tho,10.35,106.35,87.75,65,100,1.63,VN,1733630710
301,pico truncado,-46.7949,-67.9573,49.51,76,1,6.89,AR,1733630541
302,santa cruz,-17.8,-63.1667,74.66,100,75,13.8,BO,1733630641
303,tshikapa,-6.4167,20.8,67.33,93,100,1.79,CD,1733630713
304,anadyr,64.75,177.4833,-16.01,75,62,6.71,RU,1733630714
305,mar del plata,-38.0023,-57.5575,51.94,61,40,4.61,AR,1733630583
306,nuuk,64.1835,-51.7216,34.41,60,40,48.34,GL,1733630716
307,caxito,-8.5785,13.6643,75.13,96,100,4.16,AO,1733630486
308,dalandzadgad,43.5708,104.425,23.47,50,0,5.61,MN,1733630718
309,guerrero negro,27.9769,-114.0611,61.56,80,0,6.73,MX,1733630719
310,puerto ayacucho,5.6639,-67.6236,79.23,68,64,2.66,VE,1733630720
311,kasongo-lunda,-6.4667,16.8167,69.1,98,100,0.47,CD,1733630721
312,pleszew,51.8964,17.7855,32.79,94,36,6.76,PL,1733630723
313,suva,-18.1416,178.4415,81.88,83,75,13.8,FJ,1733630705
314,masterton,-40.9597,175.6575,67.95,59,100,12.06,NZ,1733630725
315,uglegorsk,49.0833,142.0333,25.92,75,98,26.24,RU,1733630726
316,hermanus,-34.4187,19.2345,55.8,79,1,2.84,ZA,1733630728
317,pathein,16.7833,94.7333,82.71,64,60,9.01,MM,1733630729
318,daru,-9.0763,143.2092,81.28,81,100,1.86,PG,1733630730
319,mzimba,-11.9,33.6,65.25,88,89,4.09,MW,1733630732
320,ventspils,57.3894,21.5606,33.73,93,100,9.22,LV,1733630733
321,sakete,6.7362,2.6587,74.86,72,26,3.71,BJ,1733630734
322,caleta de carquin,-11.0925,-77.6267,67.48,86,100,9.48,PE,1733630735
323,ebaye,8.7748,167.7392,84.22,74,75,22.64,MH,1733630737
324,guozhen,34.3659,107.359,33.71,30,100,5.93,CN,1733630738
325,rabaul,-4.1967,152.1721,83.64,66,100,1.74,PG,1733630739
326,maintirano,-18.0667,44.0167,83.89,63,64,7.67,MG,1733630740
327,anka,12.1138,5.9243,60.53,25,0,10.74,NG,1733630741
328,bengkulu,-3.8004,102.2655,86.25,65,32,14.47,ID,1733630525
329,bernay,49.1667,0.6667,45.84,84,100,52.01,FR,1733630743
330,fale old settlement,-9.3852,-171.2468,82.83,78,95,13.56,TK,1733630744
331,leava,-14.3,-178.1667,84.33,72,86,7.4,WF,1733630745
332,sao miguel do araguaia,-13.275,-50.1628,75.45,71,35,3.89,BR,1733630540
333,ugoofaaru,5.6667,73.0,80.6,69,38,1.72,MV,1733630483
334,vila velha,-20.3297,-40.2925,76.95,88,0,9.22,BR,1733630748
335,magadan,59.5667,150.8,18.21,73,98,11.16,RU,1733630749
336,yanagawamachi-saiwaicho,37.85,140.6,40.44,75,69,9.15,JP,1733630751
337,lebu,-37.6167,-73.65,54.45,86,4,16.8,CL,1733630468
338,ancud,-41.8697,-73.8203,48.9,84,97,3.89,CL,1733630474
339,ozherel'ye,54.7961,38.2672,25.52,90,100,11.95,RU,1733630754
340,fang,19.9169,99.2145,82.49,61,6,1.97,TH,1733630755
341,tabou,4.423,-7.3528,77.36,83,29,2.73,CI,1733630756
342,galesong,-5.3166,119.3661,84.11,73,98,6.76,ID,1733630757
343,leh,34.1667,77.5833,13.93,32,80,3.71,IN,1733630486
344,santona,43.4439,-3.4576,53.08,77,100,25.88,ES,1733630759
345,tazovsky,67.4667,78.7,10.47,95,100,12.28,RU,1733630760
346,bereznik,62.8551,42.7072,18.93,94,97,4.38,RU,1733630761
347,gornopravdinsk,60.05,69.9,-0.62,99,66,3.31,RU,1733630762
348,sungai besar,3.6746,100.9867,86.79,63,96,2.84,MY,1733630763
349,paddhari,22.4333,70.6,73.49,54,7,1.34,IN,1733630766
350,nova sintra,14.8667,-24.7167,77.36,73,100,9.98,CV,1733630767
351,enewetak,11.3474,162.3373,82.06,81,89,22.35,MH,1733630768
352,flin flon,54.7682,-101.865,22.87,95,100,5.77,CA,1733630769
353,xocotla,19.0333,-97.1,47.73,71,50,2.53,MX,1733630770
354,namtsy,62.7161,129.6658,-11.94,99,97,2.37,RU,1733630699
355,kapuskasing,49.4169,-82.4331,12.29,92,100,8.05,CA,1733630772
356,dauphin,51.1494,-100.0502,33.94,93,100,5.75,CA,1733630773
357,kurchum,48.5722,83.6542,24.37,75,100,1.16,KZ,1733630774
358,matoury,4.8483,-52.3317,73.36,100,75,1.14,GF,1733630775
359,lompoc,34.6391,-120.4579,52.14,100,75,8.05,US,1733630776
360,oyon,-10.6681,-76.7731,42.03,85,100,0.74,PE,1733630777
361,murrells inlet,33.551,-79.0414,39.25,60,0,4.61,US,1733630778
362,tamanrasset,22.785,5.5228,42.71,26,0,3.44,DZ,1733630779
363,acarau,-2.8856,-40.12,79.02,81,95,10.27,BR,1733630781
364,coahuayana de hidalgo,18.7,-103.6583,74.82,94,95,2.77,MX,1733630782
365,opuwo,-18.0607,13.84,69.4,32,64,1.92,NA,1733630783
366,kelibia,36.8476,11.0939,59.25,94,52,8.05,TN,1733630784
367,johi,26.6921,67.6133,65.59,12,8,1.5,PK,1733630785
368,semera,11.501,41.201,69.37,48,9,4.63,ET,1733630787
369,martapura,-3.4167,114.85,86.09,74,40,5.75,ID,1733630788
370,basco,20.4487,121.9702,76.53,78,92,36.22,PH,1733630789
371,santa elena de uairen,4.6167,-61.1333,70.57,69,100,3.24,VE,1733630790
372,necochea,-38.5473,-58.7368,47.93,62,4,8.01,AR,1733630756
373,vodnyy,63.5046,53.4095,4.32,96,98,5.41,RU,1733630793
374,kuta,-8.7233,115.1723,85.95,84,75,16.11,ID,1733630794
375,hunchun,42.8675,130.3581,28.6,33,0,13.85,CN,1733630795
376,nar'yan-mar,67.6713,53.087,13.26,93,93,14.52,RU,1733630796
377,ghat,24.9647,10.1728,47.52,38,0,6.35,LY,1733630797
378,jalai nur,49.45,117.7,9.72,88,36,0.96,CN,1733630798
379,pirallahi,40.4723,50.333,51.94,70,100,23.94,AZ,1733630799
380,geraldton,-28.7667,114.6,81.01,54,0,18.41,AU,1733630800
381,mossel bay,-34.1831,22.146,65.25,75,71,3.85,ZA,1733630801
382,akjoujt,19.6969,-14.4164,66.43,14,94,12.21,MR,1733630802
383,mejit,10.2753,170.8646,81.72,80,99,24.23,MH,1733630803
384,malmberget,67.1753,20.6549,28.96,86,100,6.91,SE,1733630804
385,soio,-6.1349,12.3689,78.12,89,94,10.92,AO,1733630805
386,cacoal,-11.4386,-61.4472,72.0,99,91,3.44,BR,1733630806
387,auki,-8.7676,160.7034,85.12,73,37,3.62,SB,1733630807
388,nizhniy kuranakh,58.8353,125.4869,2.12,90,39,5.99,RU,1733630809
389,belokurikha,51.9959,84.9896,24.17,95,100,5.73,RU,1733630810
390,jimo,36.3897,120.4622,38.93,24,0,9.66,CN,1733630811
391,sint michiel liber,12.15,-68.9833,81.7,80,15,1.01,CW,1733630812
392,hasaki,35.7333,140.8333,50.95,46,28,14.81,JP,1733630813
393,novo aripuana,-5.1206,-60.3797,74.53,97,100,2.8,BR,1733630814
394,businga,3.3333,20.8833,69.48,66,15,2.89,CD,1733630815
395,awjilah,29.1081,21.2869,53.89,61,0,9.84,LY,1733630614
396,greymouth,-42.4667,171.2,61.43,98,100,20.56,NZ,1733630817
397,cabo san lucas,22.8909,-109.9124,75.76,54,100,7.49,MX,1733630671
398,hotan,37.0997,79.9269,29.5,49,100,2.13,CN,1733630819
399,pierre,44.3683,-100.351,47.28,45,0,9.22,US,1733630820
400,tisul',55.7611,88.3122,18.59,94,100,6.89,RU,1733630821
401,suzemka,52.3178,34.0689,30.09,90,100,11.86,RU,1733630822
402,nouadhibou,20.931,-17.0347,69.78,26,99,16.11,MR,1733630824
403,brookings,44.3114,-96.7984,36.18,68,0,4.61,US,1733630825
404,colinas,-6.0258,-44.2492,75.09,65,95,2.3,BR,1733630826
405,hamina,60.5697,27.1979,30.33,84,100,8.72,FI,1733630827
406,petrich,41.4,23.2167,37.96,83,2,5.12,BG,1733630828
407,qaqortoq,60.7167,-46.0333,30.74,97,100,10.76,GL,1733630829
408,bikenibeu village,1.3673,173.1241,85.96,74,20,8.05,KI,1733630830
409,kailua-kona,19.6406,-155.9956,78.76,76,20,8.05,US,1733630831
410,lionel town,17.8101,-77.2406,76.08,82,100,11.34,JM,1733630832
411,ovalle,-30.5983,-71.2003,62.74,59,0,3.29,CL,1733630833
412,prince rupert,54.3161,-130.3201,40.26,90,100,5.37,CA,1733630834
413,road town,18.4167,-64.6167,80.01,76,2,18.52,VG,1733630835
414,kapa'a,22.0752,-159.319,75.52,87,100,6.91,US,1733630836
415,port saint john's,-31.6229,29.5448,72.23,86,98,7.74,ZA,1733630837
416,vicam,27.6333,-110.2833,67.28,46,0,6.98,MX,1733630839
417,sao jose da coroa grande,-8.8978,-35.1478,76.15,83,67,6.04,BR,1733630840
418,krasnoobsk,54.9198,82.9909,10.31,99,89,4.36,RU,1733630841
419,newnham,-41.3833,147.1333,67.15,39,75,19.57,AU,1733630842
420,piripiri,-4.2733,-41.7769,76.15,75,100,2.66,BR,1733630844
421,tlaltenango de sanchez roman,21.7833,-103.3167,60.84,60,100,0.89,MX,1733630845
422,san andres,12.5847,-81.7006,82.42,83,20,16.11,CO,1733630632
423,san luis de la loma,17.2706,-100.8939,76.41,82,100,3.89,MX,1733630848
424,angaur state,6.906,134.13,82.65,75,100,7.4,PW,1733630849
425,abeche,13.8292,20.8324,67.23,27,21,3.38,TD,1733630850
426,turpan,42.9333,89.1667,36.09,59,7,1.14,CN,1733630851
427,choyr,46.3611,108.3611,14.77,74,5,5.06,MN,1733630618
428,at taj,24.2049,23.2857,49.42,70,0,3.42,LY,1733630854
429,san buenaventura,27.0833,-101.5333,47.48,88,100,4.63,MX,1733630855
430,bangassou,4.7413,22.8184,65.59,55,10,3.02,CF,1733630856
431,lobujya,27.95,86.8167,12.72,39,0,13.31,NP,1733630788
432,tindouf,27.6711,-8.1474,56.75,26,76,2.73,DZ,1733630858
433,stalbe,57.3719,25.0343,30.15,91,70,5.86,LV,1733630859
434,castro,-24.7911,-50.0119,64.06,99,100,2.95,BR,1733630633
435,paramonga,-10.6667,-77.8333,67.21,87,100,8.3,PE,1733630861
436,pallipattu,13.3386,79.4449,77.43,77,94,2.3,IN,1733630862
437,kingston,17.997,-76.7936,76.15,89,100,4.59,JM,1733630863
438,tome acu,-2.4189,-48.1522,72.57,88,100,0.43,BR,1733630718
439,naze,28.3667,129.4833,59.34,67,92,22.08,JP,1733630866
440,susuman,62.7833,148.1667,-23.19,100,95,0.76,RU,1733630867
441,sona,45.4388,10.8255,40.12,95,100,3.44,IT,1733630868
442,enoch,37.7733,-113.0244,37.47,74,0,0.0,US,1733630869
443,callao,-12.0667,-77.15,69.71,77,0,13.8,PE,1733630870
444,wynyard,-41.0,145.7167,63.19,60,10,4.0,AU,1733630871
445,mili,6.0815,171.735,81.97,83,52,20.42,MH,1733630872
446,puerto aysen,-45.4,-72.7,44.56,98,66,4.18,CL,1733630818
447,taber,49.8167,-112.1518,41.9,69,100,25.28,CA,1733630874
448,hargeysa,9.56,44.065,57.61,83,56,12.68,SO,1733630875
449,marat,25.0701,45.4615,62.26,42,6,9.37,SA,1733630878
450,abepura,-2.6333,140.5833,79.61,89,40,5.75,ID,1733630879
451,sanctuary point,-35.1114,150.629,67.26,69,100,8.59,AU,1733630880
452,mae hong son,19.3003,97.9685,86.2,54,7,2.1,TH,1733630881
453,ouadda,8.0777,22.4007,68.0,43,27,4.5,CF,1733630882
454,phongsali,21.6833,102.1058,73.83,56,58,2.98,LA,1733630883
455,concepcion,-36.827,-73.0498,55.2,76,0,13.8,CL,1733630884
456,bembereke,10.2283,2.6634,63.23,31,28,5.75,BJ,1733630885
457,grantsville,40.5999,-112.4644,37.2,50,20,6.35,US,1733630886
458,tromso,69.6496,18.957,39.22,65,75,21.85,NO,1733630889
459,tralee,52.2704,-9.7026,44.13,67,54,16.2,IE,1733630890
460,tadine,-21.55,167.8833,78.78,69,97,9.66,NC,1733630891
461,torit,4.4133,32.5678,73.02,41,5,3.67,SS,1733630892
462,muyinga,-2.8333,30.3333,55.02,95,38,3.09,BI,1733630893
463,noormarkku,61.5927,21.8685,29.98,86,100,4.61,FI,1733630894
464,nayoro,44.3506,142.4578,26.31,78,76,8.61,JP,1733630895
465,gilgit,35.9221,74.3087,31.33,45,100,3.87,PK,1733630897
466,liperi,62.5333,29.3667,27.07,93,100,4.61,FI,1733630898
467,christies beach,-35.1396,138.4698,76.14,42,56,11.88,AU,1733630899
468,paita,-5.0892,-81.1144,66.43,83,47,9.04,PE,1733630900
469,laojunmiao,39.8333,97.7333,21.65,49,90,2.17,CN,1733630832
470,amayuca,18.7,-98.7667,62.04,31,99,4.74,MX,1733630902
471,wolsztyn,52.1155,16.1171,33.98,92,100,7.45,PL,1733630682
472,pacific grove,36.6177,-121.9166,54.66,92,0,8.01,US,1733630904
473,vilyuysk,63.7553,121.6247,-15.9,99,95,4.36,RU,1733630906
474,fukuecho,32.6881,128.8419,50.18,62,91,25.77,JP,1733630907
475,igarka,67.4667,86.5833,-15.97,100,92,2.95,RU,1733630908
476,visakhapatnam,17.69,83.2093,81.03,57,73,2.44,IN,1733630909
477,russkiy kameshkir,52.8589,46.0892,16.29,82,98,10.38,RU,1733630910
478,fernie,49.5,-115.0687,32.04,98,100,3.22,CA,1733630911
479,panaba,21.2833,-88.2667,69.03,93,46,6.76,MX,1733630912
480,richmond,37.5538,-77.4603,37.38,49,75,9.22,US,1733630630
481,kill devil hills,36.0307,-75.676,37.98,70,0,11.5,US,1733630914
482,zelenokumsk,44.4069,43.8806,43.11,91,100,14.65,RU,1733630915
483,magong,23.5654,119.5863,66.52,75,99,42.19,TW,1733630916
484,hammerfest,70.6634,23.6821,37.85,70,75,9.22,NO,1733630918
485,motygino,58.1831,94.7592,15.22,95,100,4.81,RU,1733630919
486,palmer,42.1584,-72.3287,33.35,62,100,11.5,US,1733630920
487,bereket,39.2446,55.5154,33.4,73,15,20.51,TM,1733630921
488,plettenberg bay,-34.0527,23.3716,66.61,82,96,2.89,ZA,1733630922
489,sao borja,-28.6606,-56.0044,65.95,70,100,12.35,BR,1733630923
490,kirakira,-10.4544,161.9205,86.41,72,75,8.14,SB,1733630924
491,santa marta de ortigueira,43.6833,-7.85,51.1,79,94,18.37,ES,1733630925
492,rongelap,11.1635,166.8941,82.04,78,89,22.26,MH,1733630926
493,altai,46.3722,96.2583,12.33,68,4,4.29,MN,1733630927
494,la'ie,21.6477,-157.9253,78.19,79,20,1.99,US,1733630928
495,forster,-32.1667,152.5167,82.38,71,12,12.77,AU,1733630929
496,grand falls-windsor,48.9332,-55.6649,24.03,63,24,11.32,CA,1733630931
497,ierapetra,35.01,25.7353,61.14,83,4,3.0,GR,1733630932
498,mandal,25.45,74.5667,67.39,37,0,4.41,IN,1733630933
499,berdigestyakh,62.0989,126.6992,-2.54,95,98,7.16,RU,1733630934
500,nikolayevka,53.1257,47.2041,15.91,84,98,6.64,RU,1733630935
501,black point,-34.6187,137.8972,68.49,52,97,12.62,AU,1733630936
502,qamdo,31.1667,97.2333,33.13,35,2,7.47,CN,1733630937
503,duong dong,10.2167,103.9667,84.2,79,20,5.75,VN,1733630938
504,bahia blanca,-38.7196,-62.2724,51.67,69,0,7.45,AR,1733630939
505,coaticook,45.1334,-71.7991,20.08,92,100,8.14,CA,1733630941
506,dunedin,-45.8742,170.5036,73.8,59,24,8.01,NZ,1733630824
507,mount gambier,-37.8333,140.7667,65.01,47,5,10.98,AU,1733630724
508,el granada,37.5027,-122.4694,58.57,80,40,3.44,US,1733630944
509,espinho,41.0076,-8.6413,48.61,64,0,19.66,PT,1733630945
510,i-n-salah,27.1935,2.4607,53.73,35,35,3.06,DZ,1733630946
511,broome,42.2506,-75.833,31.66,75,100,8.05,US,1733630947
512,arraial do cabo,-22.9661,-42.0278,75.09,91,99,11.41,BR,1733630948
513,suratgarh,29.3167,73.9,62.22,24,0,8.14,IN,1733630950
514,tolanaro,-25.0319,46.9987,79.59,64,0,3.71,MG,1733630951
515,katsuura,35.1333,140.3,54.55,44,68,15.88,JP,1733630952
516,chyorny yar,48.0624,46.1091,27.77,72,100,15.9,RU,1733630953
517,puerto san jose,13.9256,-90.8244,76.66,76,75,3.76,GT,1733630954
518,thinadhoo,0.5333,72.9333,81.46,72,44,10.04,MV,1733630956
519,at-bashi,41.1702,75.8106,11.8,62,100,1.21,KG,1733630957
520,touros,-5.1989,-35.4608,77.2,83,34,8.99,BR,1733630785
521,anandnagar,27.1,83.2833,68.79,41,0,6.82,IN,1733630959
522,pemba,-12.974,40.5178,81.3,94,75,7.18,MZ,1733630960
523,alamogordo,32.8995,-105.9603,44.01,78,14,3.4,US,1733630733
524,ennis,52.8436,-8.9864,40.93,81,20,14.97,IE,1733630962
525,mersin,36.862,34.6509,58.51,46,56,6.38,TR,1733630964
526,khash,28.2211,61.2158,39.72,34,3,5.99,IR,1733630965
527,miramichi,47.0043,-65.4654,7.75,94,9,5.57,CA,1733630966
528,trondheim,63.4305,10.3951,36.0,84,100,6.22,NO,1733630967
529,kuytun,54.3419,101.5036,18.34,94,99,3.6,RU,1733630968
530,nueva esperanza,15.2667,-87.6,71.58,100,100,1.59,HN,1733630969
531,krasnokamensk,50.0979,118.0369,6.03,89,23,1.14,RU,1733630970
532,westport,41.1415,-73.3579,37.9,59,100,14.97,US,1733630909
533,alotau,-10.3069,150.4462,90.48,52,100,5.32,PG,1733630972
534,xianju,28.85,120.7333,49.32,47,9,4.83,CN,1733630973
535,kamakwie,9.5,-12.2333,66.83,34,94,1.45,SL,1733630974
536,wellington,-41.2866,174.7756,65.86,68,100,28.77,NZ,1733630975
537,koksan,38.7819,126.6664,29.61,29,0,5.17,KP,1733630977
538,nguigmi,14.2495,13.1092,60.21,20,17,11.01,NE,1733630978
539,chegdomyn,51.1167,133.0167,-2.22,80,85,1.1,RU,1733630979
540,acapulco de juarez,16.8634,-99.8901,80.42,78,0,2.3,MX,1733630876
541,sinabang,2.4803,96.3801,85.57,67,84,0.11,ID,1733630982
542,linhares,-19.3911,-40.0722,72.14,94,42,4.23,BR,1733630983
543,buchanan,5.8808,-10.0467,77.85,82,100,3.02,LR,1733630984
544,that phanom,16.9364,104.7104,82.42,50,25,15.19,TH,1733630985
545,pangody,65.85,74.4859,-3.12,99,68,8.88,RU,1733630987
546,zeya,53.75,127.2667,16.27,70,24,6.6,RU,1733630988
547,cannonvale,-20.2833,148.7,81.79,61,9,11.61,AU,1733630989
548,gobabis,-22.45,18.9667,74.97,20,30,13.24,NA,1733630991
549,laguna,38.421,-121.4238,54.05,84,0,6.91,US,1733630992
550,shetpe,44.1667,52.1167,27.97,66,5,22.77,KZ,1733630993
551,essaouira,31.5125,-9.77,62.69,77,94,18.72,MA,1733630994
552,contamana,-7.3333,-75.0167,74.89,88,100,2.1,PE,1733630995
553,morehead city,34.7229,-76.726,42.98,64,0,4.61,US,1733630996
554,lianjiang,21.6467,110.2817,68.29,53,82,6.96,CN,1733630997
555,battagram,34.6772,73.0233,50.38,28,100,1.36,PK,1733630726
556,siniscola,40.5719,9.6922,48.43,61,0,18.25,IT,1733630999
557,smithers,54.7804,-127.1743,32.32,100,100,3.44,CA,1733630708
558,bakanas,44.8081,76.2772,29.03,62,100,13.11,KZ,1733631001
559,pimentel,-6.8367,-79.9342,68.29,73,0,13.8,PE,1733631002
560,yeppoon,-23.1333,150.7333,82.8,58,5,11.83,AU,1733631004
561,howrah,22.5892,88.3103,71.6,56,85,4.61,IN,1733631005
562,shiyan,32.6475,110.7781,43.99,44,61,6.44,CN,1733631006
563,hadibu,12.65,54.0333,77.97,71,71,14.23,YE,1733631007
564,dumas,35.8656,-101.9732,37.54,93,0,4.61,US,1733631008
565,ola,59.5833,151.2833,16.09,75,93,10.92,RU,1733631009
566,bhavnagar,21.7667,72.15,69.62,60,15,6.91,IN,1733631010
567,puerto baquerizo moreno,-0.9,-89.6,72.91,86,97,9.22,EC,1733631006
568,rosarito,32.3333,-117.0333,61.54,52,0,3.22,MX,1733631012
569,puerto padre,21.195,-76.6028,75.15,66,100,9.75,CU,1733631013
570,noumea,-22.2763,166.4572,80.29,67,32,19.71,NC,1733631014
571,childress,34.4264,-100.204,46.65,87,100,8.05,US,1733631015
572,kindu,-2.95,25.95,68.11,99,100,4.18,CD,1733631016
573,vallenar,-28.5708,-70.7581,61.59,50,0,0.81,CL,1733630881
574,greenville,35.6127,-77.3663,36.12,58,0,6.91,US,1733630824
575,tsiombe,-25.3,45.4833,79.83,71,3,7.27,MG,1733631020
576,lycksele,64.5954,18.6735,30.07,86,75,4.61,SE,1733630723
577,eraan,9.0629,117.7016,87.73,70,97,7.74,PH,1733631022
578,ilebo,-4.3167,20.5833,66.88,94,99,1.5,CD,1733631023
